fips,state,state_abbrev,fy,TotalStateSupport,TotalFinancialAid,GeneralPublicOperations,NetTuitionandFeeRevenue,NetFTEEnrollment
1,Alabama,AL,2001,1088445747,20435165,788859926,592027659,165833
1,Alabama,AL,2002,1115999450,20161655,801923341,610690910,173687
1,Alabama,AL,2003,1162194091,21193624,838235969,687549198,180654
1,Alabama,AL,2004,1167536776,19460984,841675393,805323633,183167
1,Alabama,AL,2005,1214819772,20375209,863875150,889016616,180517
1,Alabama,AL,2006,1407875152,22871385,996616290,928215874,180985
1,Alabama,AL,2007,1685067489,38468406,1176438275,980855685,182504
1,Alabama,AL,2008,1961808342,38124653,1382815126,996582749,187086
1,Alabama,AL,2009,1581208946,36945106,1103535043,1125309401,199153
1,Alabama,AL,2010,1542585887,40550610,980561264,1418531919,210067
1,Alabama,AL,2011,1543660595,47381091,973347229,1575807814,212758
1,Alabama,AL,2012,1494583181,51417964,1021375371,1722616281,206364
1,Alabama,AL,2013,1406898493,52207814,948799296,1819984319,197110
1,Alabama,AL,2014,1444764352,61472831,950958047,1898356149,194439
1,Alabama,AL,2015,1468403494,63383773,977807606,2016926705,193411
1,Alabama,AL,2016,1495278016,68099331,991773387,2204984045,195536
1,Alabama,AL,2017,1567340609,89037375,1061021253,2315601640,198619
1,Alabama,AL,2018,1591575021,111580758,1082045982,2494598844,202506
1,Alabama,AL,2019,1631237756,84987627,1192434142,2478097494,202773
1,Alabama,AL,2020,1854684792,78959791,1282961796,2561414178,200991
1,Alabama,AL,2021,1774630935,68547606,1300857122,2556467009,194930
1,Alabama,AL,2022,1988189302,64579453,1501605320,2597825745,191445
1,Alabama,AL,2023,3051174272,65963916,2511544887,2666983753,197404
1,Alabama,AL,2024,2580519542,70383912,2076902315,2800234896,200949
4,Arizona,AZ,2001,898839000,6765400,1079835700,508361000,194629
4,Arizona,AZ,2002,940735189,6866500,1167391389,516495600,201660
4,Arizona,AZ,2003,924384710,6665200,1179203910,535517900,215146
4,Arizona,AZ,2004,932131463,6510600,1222629263,642394000,221824
4,Arizona,AZ,2005,998449968,6510600,1291715968,717103100,226420
4,Arizona,AZ,2006,1087144898,9506000,1420595898,798347600,227283
4,Arizona,AZ,2007,1207385330,17402700,1578085430,884583900,229558
4,Arizona,AZ,2008,1340729292,17833500,1742485192,953206500,233255
4,Arizona,AZ,2009,1351127985,18263000,1638124285,1081378100,245680
4,Arizona,AZ,2010,1187766416,18163600,1616343316,1227840600,259953
4,Arizona,AZ,2011,1102405719,15418000,1627366519,1354359400,275071
4,Arizona,AZ,2012,839683893,15418000,1372382893,1518362500,275238
4,Arizona,AZ,2013,859086088,15418000,1406861488,1624760600,270644
4,Arizona,AZ,2014,897772262,15412000,1461663162,1759298200,270127
4,Arizona,AZ,2015,936524670,15406000,1510706370,1970391400,274454
4,Arizona,AZ,2016,822244800,15402000,1451809300,2170802500,279239
4,Arizona,AZ,2017,860387300,15398000,1506338800,2328921800,286335
4,Arizona,AZ,2018,875132900,15394000,1554397500,2396663500,290816
4,Arizona,AZ,2019,905535400,15390000,1624042200,2499117400,292856
4,Arizona,AZ,2020,1040140200,30390000,1703001400,2592036400,304281
4,Arizona,AZ,2021,1096327500,30390000,1675330300,2564729800,292192
4,Arizona,AZ,2022,1161519100,37890000,1862971300,2688468000,296293
4,Arizona,AZ,2023,1383390800,60390000,2058385100,2907109100,304993
4,Arizona,AZ,2024,1384169700,97379000,2036636500,3261525300,327169
5,Arkansas,AR,2001,618127000,30201660,446388847,161918646,87337
5,Arkansas,AR,2002,635740600,30056824,470483921,207877204,92722
5,Arkansas,AR,2003,616911000,30770134,445428563,217623665,92508
5,Arkansas,AR,2004,661092428,30961878,487439475,248421856,96292
5,Arkansas,AR,2005,655270998,29001838,478309026,277284010,99231
5,Arkansas,AR,2006,752020512,34435057,563348513,304455656,101344
5,Arkansas,AR,2007,796303595,37659561,599781353,330964981,103369
5,Arkansas,AR,2008,879882230,42980079,661590982,356333620,106206
5,Arkansas,AR,2009,887321221,42838918,668579746,408636085,108474
5,Arkansas,AR,2010,951796422,66783053,697669580,430593853,118884
5,Arkansas,AR,2011,1015701968,149382034,672182158,413332125,124085
5,Arkansas,AR,2012,1018182219,156739480,678445625,459833218,124426
5,Arkansas,AR,2013,1015018606,160586249,668514684,478933391,124157
5,Arkansas,AR,2014,1001496233,142996006,676536575,537016180,121365
5,Arkansas,AR,2015,991233464,136062072,678070141,562211948,118416
5,Arkansas,AR,2016,989276907,128004380,680647904,604062395,117112
5,Arkansas,AR,2017,974615738,119629740,673058573,644664818,116382
5,Arkansas,AR,2018,982187681,121772555,670203175,663851140,114872
5,Arkansas,AR,2019,996489943,118070495,689161479,674418400,113245
5,Arkansas,AR,2020,1020891230,125162724,704812268,676322144,111155
5,Arkansas,AR,2021,1020938332,128461772,690458133,650333862,105002
5,Arkansas,AR,2022,1084883201,128969345,763507040,655271588,102567
5,Arkansas,AR,2023,1080876566,115535537,778637666,712793385,103606
5,Arkansas,AR,2024,1084834250,118375026,763953235,795313325,106724
6,California,CA,2001,8904961550,607930202,9009028548,1137709217,1322308
6,California,CA,2002,9416217450,630896171,9685261879,1219015051,1409319
6,California,CA,2003,9332329700,612496150,9877994550,1430864105,1459682
6,California,CA,2004,8604602850,773107014,9167947836,1814693996,1445866
6,California,CA,2005,9193112400,924854382,9264810018,2091548571,1446593
6,California,CA,2006,10057247050,971607285,10136596765,2215120541,1447723
6,California,CA,2007,10925004700,955184124,10997341576,2322744728,1504909
6,California,CA,2008,11537879900,977507274,11662504626,2529583180,1559382
6,California,CA,2009,10205875800,1059762398,9961088402,2721546578,1633524
6,California,CA,2010,10969069250,1334987648,9889291602,3034553863,1617690
6,California,CA,2011,11214651200,1649592407,10415126793,2829729294,1580877
6,California,CA,2012,9419265350,1992862319,8740404031,3939168651,1525443
6,California,CA,2013,9356628000,1372161526,9595555474,4681892978,1500851
6,California,CA,2014,10703009955,1805183726,10471264229,4565860915,1532304
6,California,CA,2015,12331766966,2160662339,11810925627,4643130011,1563541
6,California,CA,2016,13067959152,1955493665,13021493487,5055444136,1584280
6,California,CA,2017,13288643713,1613465227,13867540265,5878319317,1590692
6,California,CA,2018,14355934305,1645458077,14671792200,6496389967,1606728
6,California,CA,2019,15434012695,1640296881,15944280814,6132966331,1591131
6,California,CA,2020,15760808581,1708456580,16272181359,6246725604,1590119
6,California,CA,2021,16484402102,2276936820,16734751282,5448046295,1502627
6,California,CA,2022,19549984142,2163034000,19396413142,5385574554,1412884
6,California,CA,2023,19358487825,2235860000,19573605825,5453617348,1434158
6,California,CA,2024,20195827357,2395460000,20644896357,5521086344,1520716
8,Colorado,CO,2001,717406443,73509351,574762206,455996844,141492
8,Colorado,CO,2002,733277701,80352481,573140338,503523023,147724
8,Colorado,CO,2003,606544478,101948926,443790196,619189050,156258
8,Colorado,CO,2004,581722070,76140754,451880446,757523831,161181
8,Colorado,CO,2005,601126358,76720377,481848365,754347817,162711
8,Colorado,CO,2006,638765653,78435584,517294491,819683715,158876
8,Colorado,CO,2007,693086984,98656104,538809776,788437172,157382
8,Colorado,CO,2008,750967840,104770242,595561775,910615685,164638
8,Colorado,CO,2009,837159179,111413927,537983701,1021888005,171564
8,Colorado,CO,2010,831951886,105984659,346686668,1207442138,187231
8,Colorado,CO,2011,767188422,106694427,521713929,1373262998,195621
8,Colorado,CO,2012,648886945,106368892,492451054,1429713875,192541
8,Colorado,CO,2013,642091197,106898187,483850867,1511706976,188405
8,Colorado,CO,2014,681371631,112516218,520156090,1669476695,184836
8,Colorado,CO,2015,783159811,154507750,577710305,1647921581,181867
8,Colorado,CO,2016,871367734,150901114,660012038,1750094665,180264
8,Colorado,CO,2017,874725598,151354530,666510764,1860752163,182212
8,Colorado,CO,2018,900535300,155699125,691581843,2005667093,183875
8,Colorado,CO,2019,1000814344,197061473,739615026,2059136789,183744
8,Colorado,CO,2020,1111926347,220003709,823502575,2119482669,188864
8,Colorado,CO,2021,1158059511,215640219,425103946,2053069813,179676
8,Colorado,CO,2022,1305120610,236405724,942403015,2213531541,175533
8,Colorado,CO,2023,1314736643,262587641,999938476,2282026386,175969
8,Colorado,CO,2024,1499488977,280493072,1143818212,2382674199,181532
9,Connecticut,CT,2001,859639833,43548776,705795742,247509268,60976
9,Connecticut,CT,2002,916189034,43478249,753334534,268256137,64183
9,Connecticut,CT,2003,898552550,38783527,754342243,313558465,68062
9,Connecticut,CT,2004,890450394,36263404,747737016,373850696,70030
9,Connecticut,CT,2005,934765872,37408389,787966647,417707646,72278
9,Connecticut,CT,2006,984301293,38161567,831729276,456253859,73608
9,Connecticut,CT,2007,1115082198,41285259,923951455,475906270,74951
9,Connecticut,CT,2008,1275728835,63844462,1034480989,502751141,77088
9,Connecticut,CT,2009,1298935164,62969462,1045313922,545992002,80433
9,Connecticut,CT,2010,1342873713,63022732,1064475670,582739303,85033
9,Connecticut,CT,2011,1324368260,63911774,1076131375,563016621,86281
9,Connecticut,CT,2012,1160268979,52488083,949946216,699881712,85683
9,Connecticut,CT,2013,1100069237,45506323,887382687,731909952,87810
9,Connecticut,CT,2014,1279222689,39847659,1026156341,842804729,88681
9,Connecticut,CT,2015,1215885258,41938537,885816228,892649331,87403
9,Connecticut,CT,2016,1302886022,41774110,963610676,997100244,85705
9,Connecticut,CT,2017,1252648592,35618446,929859506,1052572485,90404
9,Connecticut,CT,2018,1228902876,35700818,894980134,1087564847,86008
9,Connecticut,CT,2019,1203274806,33812594,909709805,1095547027,83793
9,Connecticut,CT,2020,1267004898,34305444,927735399,1140292765,81422
9,Connecticut,CT,2021,1415270402,33348502,1035152975,931012166,73489
9,Connecticut,CT,2022,1683602258,33161078,1189870067,1012449493,74344
9,Connecticut,CT,2023,1994438006,35313224,1261104372,991183021,73309
9,Connecticut,CT,2024,1899039593,28399555,1223415112,1008769817,76077
10,Delaware,DE,2001,184700000,9453200,175246800,215935800,28944
10,Delaware,DE,2002,185400000,10289000,175111000,215100000,26775
10,Delaware,DE,2003,182065000,11245524,162842176,241371155,31028
10,Delaware,DE,2004,191289000,10581184,172730916,248666292,29546
10,Delaware,DE,2005,203478000,11845562,183454538,262393757,30541
10,Delaware,DE,2006,216419000,11384334,196007066,313441019,31269
10,Delaware,DE,2007,233226000,13731317,210261883,336675056,31269
10,Delaware,DE,2008,241714400,15153670,213602830,349865514,31619
10,Delaware,DE,2009,243840165,15320510,216897255,379767784,32417
10,Delaware,DE,2010,242518560,15440800,199187560,426590796,33570
10,Delaware,DE,2011,212455800,15355500,185093600,468051904,34648
10,Delaware,DE,2012,213193700,15211234,187709966,533000003,34672
10,Delaware,DE,2013,216492700,15834503,189040997,559488627,34715
10,Delaware,DE,2014,227606200,15756922,202663417,593521558,35657
10,Delaware,DE,2015,226594100,16380223,200958221,616104774,36742
10,Delaware,DE,2016,230005700,15832189,205094425,637053033,36472
10,Delaware,DE,2017,234722700,15309359,210854784,632084404,35554
10,Delaware,DE,2018,237069500,14942286,213166582,683250735,36073
10,Delaware,DE,2019,247384870,16351608,222216800,713230253,36410
10,Delaware,DE,2020,274382482,16191165,230899700,753348786,35571
10,Delaware,DE,2021,306652829,16279299,235342100,700687518,36409
10,Delaware,DE,2022,303191558,17493278,238340500,715082904,33946
10,Delaware,DE,2023,275699544,19904176,245707500,751967688,36134
10,Delaware,DE,2024,285368886,21300552,253990300,792153510,37240
12,Florida,FL,2001,3124964661,326615901,2457581429,817660516,420957
12,Florida,FL,2002,3061544636,340879793,2396050520,927176999,442010
12,Florida,FL,2003,3235350981,377371669,2520543517,1000963320,476654
12,Florida,FL,2004,3302220098,414048812,2501593075,812769521,499972
12,Florida,FL,2005,3616495340,458162075,2833877093,886699197,504657
12,Florida,FL,2006,3843695214,523092551,2967427562,911375337,507927
12,Florida,FL,2007,3971019378,603891724,2964254565,928313873,518086
12,Florida,FL,2008,3988566231,651856070,2948000659,1051287717,540784
12,Florida,FL,2009,4107485788,687495333,3039183415,884861764,564963
12,Florida,FL,2010,3958273967,671442650,2618276607,1210873504,607246
12,Florida,FL,2011,4132825282,664650070,2701961365,1556597170,636320
12,Florida,FL,2012,3622861769,587620803,2632344058,1771336975,641446
12,Florida,FL,2013,3338709069,551810147,2379679218,1913833608,619179
12,Florida,FL,2014,3925291450,546526979,2947397550,1913789976,608226
12,Florida,FL,2015,4224418591,547427143,3215278967,1936262394,601198
12,Florida,FL,2016,4382879922,546594638,3388667918,1956399948,598660
12,Florida,FL,2017,4552475446,504418703,3581693035,1953472168,597279
12,Florida,FL,2018,5052883333,827558339,3770802765,1702415438,602623
12,Florida,FL,2019,5376596509,1002318800,3918347016,1547880831,608942
12,Florida,FL,2020,5503788819,1056661927,3988040080,1441492918,609447
12,Florida,FL,2021,5668824203,1092456186,4067125943,1370528781,595404
12,Florida,FL,2022,5852147476,1049100437,4281146381,1388070397,567038
12,Florida,FL,2023,6146368404,1011850809,4612006666,1340731840,561008
12,Florida,FL,2024,7188739306,1080863670,5566378793,1393864540,579477
13,Georgia,GA,2001,2293708414,278307588,1688498574,342297675,234998
13,Georgia,GA,2002,2307851766,326038043,1665115228,320939597,259566
13,Georgia,GA,2003,2320869396,372089041,1656485626,327744694,282373
13,Georgia,GA,2004,2360033322,417196005,1653427290,358641825,288475
13,Georgia,GA,2005,2472780431,434835968,1741997313,389750881,295356
13,Georgia,GA,2006,2647651316,444126905,1901365225,481930095,292655
13,Georgia,GA,2007,2784214521,461897633,1998968477,521390969,298512
13,Georgia,GA,2008,2971086133,472300909,2139187386,618836934,311717
13,Georgia,GA,2009,2907417173,520099134,1992477677,705562005,331967
13,Georgia,GA,2010,2979707008,637442830,1653380867,830474091,371921
13,Georgia,GA,2011,2976759287,747907040,1871860814,934203912,386534
13,Georgia,GA,2012,2664154607,551692379,1761684700,1313233421,379844
13,Georgia,GA,2013,2607128639,522116598,1798831413,1428752143,355866
13,Georgia,GA,2014,2775561943,552094850,1925127296,1461830137,348844
13,Georgia,GA,2015,2898821290,590416261,1998371638,1532088734,345467
13,Georgia,GA,2016,3058513508,636441550,2099701136,1623248637,346741
13,Georgia,GA,2017,3238163528,658304672,2225525910,1656434132,348606
13,Georgia,GA,2018,3488577527,696880439,2402168163,1654826999,351519
13,Georgia,GA,2019,3673135156,749059909,2522368648,1630492845,356348
13,Georgia,GA,2020,3847028885,805639277,2630218395,1683910984,360193
13,Georgia,GA,2021,3678960573,842625353,2418466551,1623983258,356921
13,Georgia,GA,2022,4787803437,842527256,2760685394,1669573936,348450
13,Georgia,GA,2023,4960518580,870724598,3203866455,1640331589,348477
13,Georgia,GA,2024,4839492725,970858226,3357742416,1642943790,366748
16,Idaho,ID,2001,323623500,2498700,297113700,91812275,39495
16,Idaho,ID,2002,362302500,5938700,329253800,73129275,41593
16,Idaho,ID,2003,336641700,7369500,304264400,99837062,43104
16,Idaho,ID,2004,339515800,7310000,306997900,113029246,45184
16,Idaho,ID,2005,350879700,7770500,316719800,133646167,45024
16,Idaho,ID,2006,363077200,7896339,327560061,132226700,44504
16,Idaho,ID,2007,375281600,7503716,341783884,145235800,43378
16,Idaho,ID,2008,410595600,9462538,374000762,135379600,43968
16,Idaho,ID,2009,416493100,9694300,376698200,145888390,44705
16,Idaho,ID,2010,369722800,6901499,331878701,181354770,49251
16,Idaho,ID,2011,347376657,5934857,323939800,207545860,53201
16,Idaho,ID,2012,334633399,7627099,315052500,254634678,58980
16,Idaho,ID,2013,360079309,6671809,342222900,293802603,57837
16,Idaho,ID,2014,374203132,6282433,355796099,316391800,56177
16,Idaho,ID,2015,401200090,6455590,380346900,359205131,54102
16,Idaho,ID,2016,418879305,6553805,394885600,361895109,52744
16,Idaho,ID,2017,460623492,12026692,428404300,373865879,53116
16,Idaho,ID,2018,481074380,13794218,445707662,369157678,53572
16,Idaho,ID,2019,506520681,18796081,465901100,357973682,54421
16,Idaho,ID,2020,528187156,22021956,480356400,398865569,55155
16,Idaho,ID,2021,598142727,21303392,487758300,411545178,53699
16,Idaho,ID,2022,555442011,22220992,506382461,440507497,53977
16,Idaho,ID,2023,651690824,24366319,542950241,442291265,54261
16,Idaho,ID,2024,659353335,24404763,599156707,447493674,55784
17,Illinois,IL,2001,2719733400,379242812,2474348560,611762328,323876
17,Illinois,IL,2002,2904184000,401728300,2605919636,676544917,335188
17,Illinois,IL,2003,2716756400,364825100,2521994945,793786800,348182
17,Illinois,IL,2004,2682059000,362175800,2529832326,907364644,356961
17,Illinois,IL,2005,2685920700,365452804,2575677428,1041851602,356798
17,Illinois,IL,2006,2640436585,369779884,2579276597,1068731217,356491
17,Illinois,IL,2007,2848129600,442851200,2746612897,1166887243,357931
17,Illinois,IL,2008,3087877559,391762392,3146173733,1464993648,358679
17,Illinois,IL,2009,3203555376,387048300,3236048858,1587322553,368019
17,Illinois,IL,2010,3684064394,389327032,3666784149,1789555277,391926
17,Illinois,IL,2011,3603549212,391426017,3710693147,1947496354,393313
17,Illinois,IL,2012,3832385769,414369586,3925693349,2027827593,384615
17,Illinois,IL,2013,4292588457,379078443,4440345804,2203354191,373403
17,Illinois,IL,2014,4306995896,374596806,4427056410,2252844387,362508
17,Illinois,IL,2015,4385575551,368560855,4519241661,2354393292,351917
17,Illinois,IL,2016,3350027230,320728747,3733212376,2418538308,342422
17,Illinois,IL,2017,4608776759,351719631,4768725843,2402174480,327545
17,Illinois,IL,2018,4141202973,397390862,4337327752,2382295361,314565
17,Illinois,IL,2019,4255256541,389744099,4463605690,2347816845,306967
17,Illinois,IL,2020,4564727839,450346405,4734679544,2285535481,302722
17,Illinois,IL,2021,4948710959,447842857,5094958973,2295967558,284130
17,Illinois,IL,2022,5369075182,469900647,5563746756,2414471000,274295
17,Illinois,IL,2023,5390687590,591867556,5489767328,2299821599,273214
17,Illinois,IL,2024,5722455345,688243260,5766162763,2227102688,261644
18,Indiana,IN,2001,1283197000,119992000,994132000,751090000,193130
18,Indiana,IN,2002,1198057683,128187000,896961683,872058000,204002
18,Indiana,IN,2003,1315842145,149393117,995531986,998671290,213728
18,Indiana,IN,2004,1360311954,166430775,1013454262,1089775941,219021
18,Indiana,IN,2005,1417478385,180476581,1054585085,1171407183,220359
18,Indiana,IN,2006,1429113393,173968456,1073099782,1280885986,219944
18,Indiana,IN,2007,1456514140,208743915,1063462466,1337494158,223483
18,Indiana,IN,2008,1525216628,228503669,1092718622,1328003433,229251
18,Indiana,IN,2009,1639107213,249139502,1125003171,1474328111,239873
18,Indiana,IN,2010,1595424390,230520295,1116906373,1660671841,265758
18,Indiana,IN,2011,1564730685,248324857,1102950176,1777980202,273322
18,Indiana,IN,2012,1551918210,277939259,1064472617,2042096696,262545
18,Indiana,IN,2013,1557306211,277861541,1066751770,2087951243,256331
18,Indiana,IN,2014,1663061249,301826996,1145375251,2092348604,253337
18,Indiana,IN,2015,1648510778,309530199,1127824180,2154413654,252802
18,Indiana,IN,2016,1739630019,316712322,1196896823,2205821617,249925
18,Indiana,IN,2017,1745379182,323415127,1183632650,2235988798,248664
18,Indiana,IN,2018,1773727687,378908322,1147940269,2248757808,247678
18,Indiana,IN,2019,1849459088,367808184,1231884952,2291011074,246300
18,Indiana,IN,2020,1849926952,355545547,1223366615,2336566520,245224
18,Indiana,IN,2021,1792582538,356054440,1158336512,2334674212,237621
18,Indiana,IN,2022,1918678893,332761243,1281855868,2497309771,235412
18,Indiana,IN,2023,1915994324,320261821,1313825796,2537037540,238175
18,Indiana,IN,2024,2028113088,375395683,1356725713,2633054874,247945
19,Iowa,IA,2001,851184070,54302337,703341508,383667323,105545
19,Iowa,IA,2002,786639971,54330406,646430427,428498278,110834
19,Iowa,IA,2003,769854449,52517549,648294797,510572165,115060
19,Iowa,IA,2004,737622332,51535036,612676447,552968127,117664
19,Iowa,IA,2005,743121766,54942512,614752864,587759920,117737
19,Iowa,IA,2006,779847282,57692925,645147825,601559014,112341
19,Iowa,IA,2007,804448696,59832926,671146460,647191734,112934
19,Iowa,IA,2008,873724167,64130118,723853238,683347067,115011
19,Iowa,IA,2009,914194605,68407518,754853088,736705029,117254
19,Iowa,IA,2010,863776446,57066456,632090085,843076558,127128
19,Iowa,IA,2011,758711929,58968671,638614810,938365941,132744
19,Iowa,IA,2012,740351670,58635231,622989335,994379661,132423
19,Iowa,IA,2013,787419692,64449231,668085032,1023528924,129669
19,Iowa,IA,2014,823333019,63324231,702082618,1067878653,127407
19,Iowa,IA,2015,847741404,64199231,729324772,1098980511,124883
19,Iowa,IA,2016,849068059,61434750,687585525,1130329849,132748
19,Iowa,IA,2017,829402839,58960750,671524559,1186507395,132505
19,Iowa,IA,2018,804642010,56222963,668011037,1232001661,131609
19,Iowa,IA,2019,815470080,58910642,674739366,1236435513,129387
19,Iowa,IA,2020,851804674,74619620,694895033,1208997051,125433
19,Iowa,IA,2021,853241873,74951620,691123037,1175133173,118606
19,Iowa,IA,2022,871110787,85774207,698476329,1180731033,115604
19,Iowa,IA,2023,885596303,90192548,710717517,1218062595,115113
19,Iowa,IA,2024,899770787,99778628,714854809,1275087882,116188
20,Kansas,KS,2001,683084000,13271349,640861839,256982649,100476
20,Kansas,KS,2002,712131059,14259076,664139901,273799509,104341
20,Kansas,KS,2003,679829546,14209178,621251572,313852084,109045
20,Kansas,KS,2004,685831995,12633730,648852182,366429005,110243
20,Kansas,KS,2005,727534311,15729265,690620303,420796793,111948
20,Kansas,KS,2006,773953552,17153360,730452153,460343135,127645
20,Kansas,KS,2007,788720641,18619741,746703804,518603626,127245
20,Kansas,KS,2008,825697884,21984037,780415926,515447096,127940
20,Kansas,KS,2009,815609440,21440836,774660094,581970529,130930
20,Kansas,KS,2010,793700801,21240184,732864659,641365748,138240
20,Kansas,KS,2011,795182338,20103579,732929605,698588789,141031
20,Kansas,KS,2012,752992878,21294175,742780635,743939798,141354
20,Kansas,KS,2013,795346375,20755892,781945012,760209803,140182
20,Kansas,KS,2014,771121325,21567905,772468537,795202276,138310
20,Kansas,KS,2015,803124160,22081680,792965027,827665698,137035
20,Kansas,KS,2016,766842487,21474464,766447576,845375673,135366
20,Kansas,KS,2017,769175109,19835387,776755497,868449701,134716
20,Kansas,KS,2018,772091220,20289421,798678670,865619315,133815
20,Kansas,KS,2019,806027217,27968330,853200718,891584667,132253
20,Kansas,KS,2020,853854267,30180047,888778586,884197002,129622
20,Kansas,KS,2021,949085014,30200047,897391977,861545342,123169
20,Kansas,KS,2022,914563824,59792956,946426764,799553442,119978
20,Kansas,KS,2023,1008945356,64339979,1041310131,807264693,118924
20,Kansas,KS,2024,1131734797,98915551,1152324799,868292607,121103
21,Kentucky,KY,2001,1001625000,29115600,816592200,354995900,119500
21,Kentucky,KY,2002,1084606000,29794600,894298900,377010200,131313
21,Kentucky,KY,2003,1068765000,89492934,815690466,351877852,141005
21,Kentucky,KY,2004,1108687600,140148200,784742400,459856335,140056
21,Kentucky,KY,2005,1076740400,162717700,732267300,556674306,140579
21,Kentucky,KY,2006,1207616000,175337814,833711786,595839163,140769
21,Kentucky,KY,2007,1253992000,185240000,870040900,674152806,140621
21,Kentucky,KY,2008,1320540000,182623900,955576000,755493081,142382
21,Kentucky,KY,2009,1284097566,193782325,907056498,829130145,144641
21,Kentucky,KY,2010,1286116198,203195901,841352803,970323192,154247
21,Kentucky,KY,2011,1283638900,200298500,827237900,1051253243,159806
21,Kentucky,KY,2012,1234008200,201687300,837628200,1071622341,159306
21,Kentucky,KY,2013,1186693600,203204200,809801200,1114536361,155479
21,Kentucky,KY,2014,1192455700,211576600,806972200,1140213309,154713
21,Kentucky,KY,2015,1175573300,213143500,802071000,1167462015,152954
21,Kentucky,KY,2016,1191705100,226928300,755211000,1163413776,149314
21,Kentucky,KY,2017,1152881400,229571800,772866400,1187450626,147168
21,Kentucky,KY,2018,1166497800,245815100,773355600,1187427151,144509
21,Kentucky,KY,2019,1156701400,255860200,753625700,1172971938,142003
21,Kentucky,KY,2020,1178218600,277583800,758322900,1185780270,140429
21,Kentucky,KY,2021,1215213026,277653700,752395100,1152515091,137518
21,Kentucky,KY,2022,1271084933,290719300,859108000,1180781594,133629
21,Kentucky,KY,2023,1482800789,369418500,915119600,1148781009,135356
21,Kentucky,KY,2024,1487539063,390083300,936255700,1204490737,139663
22,Louisiana,LA,2001,1007996023,89764951,708202397,281940713,168121
22,Louisiana,LA,2002,1140954119,102874047,799810106,289988341,172092
22,Louisiana,LA,2003,1196304128,104562057,841822249,318119057,177275
22,Louisiana,LA,2004,1245307618,110273926,825961617,357356559,183276
22,Louisiana,LA,2005,1287848788,116325116,848016672,364239362,183409
22,Louisiana,LA,2006,1285481337,116287208,844685431,457672954,166536
22,Louisiana,LA,2007,1459847337,120298754,996009164,438968999,166671
22,Louisiana,LA,2008,1598519738,133623482,1052457952,359659337,165155
22,Louisiana,LA,2009,1564395611,153202568,1004899916,401886698,169602
22,Louisiana,LA,2010,1493619738,158844406,839313019,444945951,178931
22,Louisiana,LA,2011,1582176852,170401609,821694869,465338841,183633
22,Louisiana,LA,2012,1237070397,191729208,760407064,615353756,181590
22,Louisiana,LA,2013,1174061988,217189085,663305247,672197554,174552
22,Louisiana,LA,2014,1125250832,246632214,615616419,701818026,168001
22,Louisiana,LA,2015,1120321587,272148579,598371552,739370138,165329
22,Louisiana,LA,2016,1179534783,293317699,576346451,709611679,167897
22,Louisiana,LA,2017,1083387063,237767170,560562119,816145677,160057
22,Louisiana,LA,2018,1159690661,317922059,568125463,787290926,161670
22,Louisiana,LA,2019,1177144207,329059354,594213563,822724911,163932
22,Louisiana,LA,2020,1229447424,335561648,599881274,803957498,165145
22,Louisiana,LA,2021,1239581426,351110124,508507553,839100061,163735
22,Louisiana,LA,2022,1376075202,365758028,681756996,826180785,158195
22,Louisiana,LA,2023,1478999745,339753033,790524352,877857985,159036
22,Louisiana,LA,2024,1673717552,318832533,976874400,884218589,164921
23,Maine,ME,2001,226587350,12726534,190575172,117667360,29287
23,Maine,ME,2002,236611726,12423988,200252230,127286716,30560
23,Maine,ME,2003,234088660,12463964,197279946,137765582,32736
23,Maine,ME,2004,231511927,12179177,195743959,169289711,34516
23,Maine,ME,2005,241255620,12002590,202928398,172488353,35167
23,Maine,ME,2006,244070644,12463825,204764509,179955786,35235
23,Maine,ME,2007,256024310,12708841,214927856,195493405,35514
23,Maine,ME,2008,271117262,12408842,229162297,213074231,35533
23,Maine,ME,2009,269992384,11722276,221313119,235590336,35968
23,Maine,ME,2010,270023801,11485005,216776084,250095354,37517
23,Maine,ME,2011,276689767,10973453,224635897,258334135,38284
23,Maine,ME,2012,270884116,11073453,227659644,262185609,37897
23,Maine,ME,2013,265872234,10526993,224277341,263258782,37342
23,Maine,ME,2014,271864121,10670394,229817022,260612079,36577
23,Maine,ME,2015,273310554,16128060,228993546,253726432,35445
23,Maine,ME,2016,285813526,20629236,229285760,233032397,34604
23,Maine,ME,2017,302209455,22778680,243199760,236151751,34287
23,Maine,ME,2018,303435296,21089433,245820411,242888682,33945
23,Maine,ME,2019,308450738,21878008,249282407,247732855,33947
23,Maine,ME,2020,319325863,20790114,261158940,251328219,34005
23,Maine,ME,2021,329638334,21822445,261054959,247349171,32864
23,Maine,ME,2022,342782980,24512241,271381940,247408878,32111
23,Maine,ME,2023,390424176,46049148,290990238,223074959,32293
23,Maine,ME,2024,405841578,49879365,310013508,238822011,33806
24,Maryland,MD,2001,1293800966,61415256,1208555655,742194906,175085
24,Maryland,MD,2002,1313666516,70256722,1222470411,773791846,174136
24,Maryland,MD,2003,1216838045,76403658,1118970885,839240220,168261
24,Maryland,MD,2004,1149052302,73871704,1076034941,954574104,165502
24,Maryland,MD,2005,1185321898,72526892,1115333910,1123872138,196626
24,Maryland,MD,2006,1272254989,104183630,1152551384,1188600427,192614
24,Maryland,MD,2007,1450214753,105694398,1388980718,1226801471,197966
24,Maryland,MD,2008,1555048366,108766059,1480948654,1279657112,207255
24,Maryland,MD,2009,1613101952,97301230,1562450262,1440862150,231079
24,Maryland,MD,2010,1600560142,97453900,1581804128,1534937474,231189
24,Maryland,MD,2011,1596186225,91674365,1539246289,1648105024,238742
24,Maryland,MD,2012,1606876744,90845982,1544854995,1744255919,242955
24,Maryland,MD,2013,1617306184,88199926,1544613877,1774080144,238814
24,Maryland,MD,2014,1721006820,106398584,1637731836,1743565901,232935
24,Maryland,MD,2015,1791980404,98408365,1730022970,1804061079,233208
24,Maryland,MD,2016,1868491878,101089172,1818665548,1863056376,234124
24,Maryland,MD,2017,1963481407,105008282,1917350159,1907029797,232963
24,Maryland,MD,2018,1985283870,108080338,1955316899,1970421164,231761
24,Maryland,MD,2019,2068804092,111334838,2045257568,2007400854,229243
24,Maryland,MD,2020,2230388717,107865704,2178566526,2011315407,221418
24,Maryland,MD,2021,2275833255,100658025,2195101986,1980532496,217333
24,Maryland,MD,2022,2368388554,111816200,2310294735,2036902126,216383
24,Maryland,MD,2023,2923309508,125096646,2779131965,2051415417,215482
24,Maryland,MD,2024,3297657495,144076452,3091809289,2120090033,221493
25,Massachusetts,MA,2001,1131804500,78841052,1011615142,436900000,128404
25,Massachusetts,MA,2002,1069051324,100793976,928529010,459973000,133875
25,Massachusetts,MA,2003,1031934445,116037978,879815804,530224790,137045
25,Massachusetts,MA,2004,914864013,82536021,802212537,641820773,137279
25,Massachusetts,MA,2005,1037527876,81403626,922850250,694158259,137677
25,Massachusetts,MA,2006,1147151288,81566771,1028400071,733106890,139874
25,Massachusetts,MA,2007,1256792868,88049787,1128493024,786638582,143565
25,Massachusetts,MA,2008,1347344567,92732814,1213755954,853664658,148288
25,Massachusetts,MA,2009,1242600543,99288934,1052660163,913441670,155387
25,Massachusetts,MA,2010,1208725729,93904262,853506758,988836678,165244
25,Massachusetts,MA,2011,1214703917,97865172,1005925567,1066386188,168671
25,Massachusetts,MA,2012,1208206572,97725187,1057970742,947539477,170221
25,Massachusetts,MA,2013,1255182474,98947914,1111848560,1004739170,171974
25,Massachusetts,MA,2014,1342072529,95469593,1197982936,1021560487,172573
25,Massachusetts,MA,2015,1462827301,95321870,1319440097,1029492225,170703
25,Massachusetts,MA,2016,1493700338,96275495,1347377759,1071976171,169189
25,Massachusetts,MA,2017,1544319564,99321583,1387777981,1112534584,165736
25,Massachusetts,MA,2018,1618897918,100038332,1459299586,1198792335,163673
25,Massachusetts,MA,2019,1664231299,107149239,1493623060,1077525136,160327
25,Massachusetts,MA,2020,1740971323,109098138,1568977185,1104231854,157447
25,Massachusetts,MA,2021,1834628351,125443104,1626883871,1016592668,145913
25,Massachusetts,MA,2022,1897268408,148523211,1682075840,949563018,142397
25,Massachusetts,MA,2023,2186641057,185929911,1925873226,1252081297,131258
25,Massachusetts,MA,2024,2546803171,319429911,2153439260,1147394297,137084
26,Michigan,MI,2001,2231600000,226000000,2143600000,1378780121,333584
26,Michigan,MI,2002,2273500000,238900000,2244400000,1522258375,350261
26,Michigan,MI,2003,2151247000,187720556,2203089013,1786876069,352290
26,Michigan,MI,2004,1984292700,189712388,2077265212,1993823713,368600
26,Michigan,MI,2005,1947744600,182166400,2077707700,2111406239,371950
26,Michigan,MI,2006,2012271300,246362400,2104030650,2296826143,378034
26,Michigan,MI,2007,2035388000,242312400,2158256493,2508594625,384455
26,Michigan,MI,2008,2033709000,231211800,2197822193,2825521594,395019
26,Michigan,MI,2009,2046065700,212512400,2230422182,3078930151,409270
26,Michigan,MI,2010,1905703800,78573300,2185565006,3447641248,434490
26,Michigan,MI,2011,1869659000,88626400,2141928126,3650716526,435592
26,Michigan,MI,2012,1549732500,984000,1892325017,3906499069,423785
26,Michigan,MI,2013,1608824500,967852,1971482581,4050169580,411770
26,Michigan,MI,2014,1669524700,4334255,2048252244,4123800091,400859
26,Michigan,MI,2015,1784194800,8467800,2160772425,4260438701,390047
26,Michigan,MI,2016,1825523600,8470800,2203469854,4333198387,380128
26,Michigan,MI,2017,1877039600,9456800,2249319510,4463566427,378402
26,Michigan,MI,2018,1917024500,16056800,2279443781,4589404908,372155
26,Michigan,MI,2019,1954421700,15756800,2335508143,4621203820,366318
26,Michigan,MI,2020,1972087600,11256800,2184025949,4724835519,357224
26,Michigan,MI,2021,2147566600,73256800,2484583158,4558983613,343478
26,Michigan,MI,2022,2490641800,99256800,2840114996,4540409476,332067
26,Michigan,MI,2023,2492867331,74256832,2740560994,4622367421,325185
26,Michigan,MI,2024,2791042000,191908108,3100939801,4810910000,332245
27,Minnesota,MN,2001,1315100000,132142774,1002295226,453718000,167238
27,Minnesota,MN,2002,1397800000,140708737,1067016263,501369000,171287
27,Minnesota,MN,2003,1323393000,134601000,992263000,640824000,185452
27,Minnesota,MN,2004,1286064000,119214000,993968000,756096000,189848
27,Minnesota,MN,2005,1273328000,125440000,975641000,843952000,190087
27,Minnesota,MN,2006,1365500000,124950000,1046139000,882721000,189009
27,Minnesota,MN,2007,1400500000,156954000,1052175000,942968000,191456
27,Minnesota,MN,2008,1560644000,149866000,1212257000,1013766000,196014
27,Minnesota,MN,2009,1556962532,153767000,1166455532,1074658000,200732
27,Minnesota,MN,2010,1566839000,187746000,1056914577,1455113575,215009
27,Minnesota,MN,2011,1384573000,121986269,1071460274,1573515354,214342
27,Minnesota,MN,2012,1285041000,144547390,960207820,1677759468,214653
27,Minnesota,MN,2013,1285247000,163787905,927647744,1661712699,210332
27,Minnesota,MN,2014,1394503000,175360363,1023181573,1641731821,203523
27,Minnesota,MN,2015,1445822000,180664140,1066607872,1609061220,198328
27,Minnesota,MN,2016,1532825000,173493068,1166986062,1633436187,193197
27,Minnesota,MN,2017,1543313000,185615491,1166786183,1638274845,189951
27,Minnesota,MN,2018,1653249000,194019217,1257109421,1665500120,187705
27,Minnesota,MN,2019,1631620890,209126304,1216072620,1659365495,184367
27,Minnesota,MN,2020,1794697184,207937000,1285877874,1689341225,180442
27,Minnesota,MN,2021,2223068982,200962705,1296576536,1640557998,171312
27,Minnesota,MN,2022,1784707167,201886167,1341940080,1610956534,162546
27,Minnesota,MN,2023,1762275777,214388777,1340386984,1615322490,159023
27,Minnesota,MN,2024,2059151648,243636648,1599993280,1635815432,161710
28,Mississippi,MS,2001,791445655,34750111,553528809,228079693,102490
28,Mississippi,MS,2002,733301000,31114645,527445182,283467609,107110
28,Mississippi,MS,2003,735733000,29369397,536569612,322226725,111650
28,Mississippi,MS,2004,766999520,32478438,548489045,322651477,115613
28,Mississippi,MS,2005,761417563,30895807,554868798,364623757,118060
28,Mississippi,MS,2006,772365105,31769261,568620985,367148710,117731
28,Mississippi,MS,2007,879465904,30683563,632017971,387252963,115739
28,Mississippi,MS,2008,1045937317,31200581,740456988,449511043,117673
28,Mississippi,MS,2009,978760459,28343212,693328998,487292732,121046
28,Mississippi,MS,2010,1069923179,26859675,710839906,526819298,132222
28,Mississippi,MS,2011,1019593795,27242480,645891470,587935927,138999
28,Mississippi,MS,2012,954183795,29320285,669130452,637517566,138031
28,Mississippi,MS,2013,924952654,31366391,673683978,651695512,132259
28,Mississippi,MS,2014,973846876,35738847,696675663,686946035,134694
28,Mississippi,MS,2015,1009235634,40551433,727755699,710330675,133910
28,Mississippi,MS,2016,1045771892,43440109,748469907,745579757,132692
28,Mississippi,MS,2017,1020276906,38957402,742031204,784895485,134538
28,Mississippi,MS,2018,906049298,37855055,662972216,818640593,133630
28,Mississippi,MS,2019,910906619,42189919,662706342,843449748,132999
28,Mississippi,MS,2020,962856242,45513697,691979188,846590104,130891
28,Mississippi,MS,2021,1084650288,45224182,658550976,840738661,125260
28,Mississippi,MS,2022,991924915,45677780,716031604,857939639,122586
28,Mississippi,MS,2023,1148448687,49445495,849984662,864306920,120495
28,Mississippi,MS,2024,1178499775,51659889,880315637,928356836,121925
29,Missouri,MO,2001,1007745089,44220037,1028007781,399148848,156588
29,Missouri,MO,2002,877690838,44783968,902595899,415882706,163408
29,Missouri,MO,2003,890581375,41694744,921090484,510849878,166014
29,Missouri,MO,2004,905182688,41171348,945558529,573031972,167742
29,Missouri,MO,2005,925045604,40333886,970844228,684138450,158958
29,Missouri,MO,2006,926756453,41674597,975442886,693098974,160918
29,Missouri,MO,2007,978771911,41309942,1035870115,696067772,163354
29,Missouri,MO,2008,1021705137,89649092,1033946708,744495198,164160
29,Missouri,MO,2009,1108459017,108737688,1107502629,821042651,177751
29,Missouri,MO,2010,1085179342,98163964,996474367,774460266,191608
29,Missouri,MO,2011,1000997715,90827502,986173779,936931726,197890
29,Missouri,MO,2012,933329405,96994875,965008691,1009363292,196360
29,Missouri,MO,2013,931239665,104262158,954567351,1032026271,196659
29,Missouri,MO,2014,954236519,107401820,968491851,1093890282,196831
29,Missouri,MO,2015,1031361067,111332995,1046819726,1101696194,186936
29,Missouri,MO,2016,1035360643,119939826,1048275785,1093528556,192781
29,Missouri,MO,2017,1011797327,129613525,1008893801,1010249623,195255
29,Missouri,MO,2018,988536584,121744656,1005751787,1035531639,186862
29,Missouri,MO,2019,998983910,126075383,1018916034,1099357756,182499
29,Missouri,MO,2020,1062255277,128211044,1091284783,1033148951,163408
29,Missouri,MO,2021,1186702299,131227244,1077766139,1005388233,156493
29,Missouri,MO,2022,1118396833,151172212,1162948602,931383201,136953
29,Missouri,MO,2023,1232756172,171564003,1021015373,1062373716,143401
29,Missouri,MO,2024,1296467325,171564002,1116896513,1145664645,144901
30,Montana,MT,2001,141721881,3012064,126882874,97784630,33660
30,Montana,MT,2002,149837689,3373044,133111238,106225480,34333
30,Montana,MT,2003,146034002,3271848,126947574,128285421,34975
30,Montana,MT,2004,150576424,3370912,131257839,135238192,35785
30,Montana,MT,2005,152582000,3390426,132217939,147629550,35259
30,Montana,MT,2006,172767000,3899639,150460030,159219887,35429
30,Montana,MT,2007,171368691,4576735,147078200,170343696,35293
30,Montana,MT,2008,196547880,4896764,170737493,172667630,35556
30,Montana,MT,2009,207471410,6289391,178766352,181819569,36388
30,Montana,MT,2010,209496709,5955446,145085464,196219494,38909
30,Montana,MT,2011,209541869,3689478,149981707,211982718,40961
30,Montana,MT,2012,202105316,3778367,178716139,220141468,40847
30,Montana,MT,2013,202187817,4695833,177455837,227989504,40169
30,Montana,MT,2014,227006121,6056778,194917968,236322324,39484
30,Montana,MT,2015,239403026,6672006,206186906,239845853,38732
30,Montana,MT,2016,259866199,2579041,213598375,242275356,37952
30,Montana,MT,2017,249254902,2319020,217208040,252541020,38078
30,Montana,MT,2018,241493606,1551748,211146797,257907328,37374
30,Montana,MT,2019,244579818,1554103,214244029,261205134,36375
30,Montana,MT,2020,259606602,2382879,226973601,254632205,35252
30,Montana,MT,2021,304438253,2671274,232778911,247746023,33459
30,Montana,MT,2022,268781713,1552938,235896585,258426458,33685
30,Montana,MT,2023,285811303,1552940,251073216,275599991,33811
30,Montana,MT,2024,303182725,1590193,263198815,294200195,34503
31,Nebraska,NE,2001,489500000,2095365,343304635,168647918,65725
31,Nebraska,NE,2002,512800000,2651768,385548232,185186718,67683
31,Nebraska,NE,2003,533314436,8604293,398670092,199578431,68672
31,Nebraska,NE,2004,509188758,9395143,383520496,234913412,71310
31,Nebraska,NE,2005,519741659,10950477,418396973,233148317,71932
31,Nebraska,NE,2006,564842378,10394624,499722048,258668074,72622
31,Nebraska,NE,2007,604025649,10501973,537254832,243112008,73940
31,Nebraska,NE,2008,635032800,10806006,541407231,284690255,75451
31,Nebraska,NE,2009,651703765,11191925,590837357,307693162,77825
31,Nebraska,NE,2010,641402181,12131838,597561109,288899846,83206
31,Nebraska,NE,2011,653935362,14746723,608492390,385278034,84384
31,Nebraska,NE,2012,653999223,16537111,567078101,412657611,83861
31,Nebraska,NE,2013,662501367,16457362,592444622,425530627,81270
31,Nebraska,NE,2014,691113035,17617613,618537791,441823036,79662
31,Nebraska,NE,2015,720128058,17707864,658724888,440135123,78469
31,Nebraska,NE,2016,747592380,17603156,692033580,453256010,76442
31,Nebraska,NE,2017,753553849,19357149,698087813,467161333,76899
31,Nebraska,NE,2018,747195808,21364079,695076626,486645393,76792
31,Nebraska,NE,2019,763888339,21715517,708335374,493015472,75940
31,Nebraska,NE,2020,786130359,22847169,736021937,498472096,73833
31,Nebraska,NE,2021,825891607,24615788,764777849,499473676,72564
31,Nebraska,NE,2022,855900118,29472994,801552853,476377651,71335
31,Nebraska,NE,2023,907647928,33517410,826841019,471995153,71228
31,Nebraska,NE,2024,906602431,37271529,879370300,481179941,72625
32,Nevada,NV,2001,347634743,31044884,285107338,91020299,48107
32,Nevada,NV,2002,387290920,40124739,311294069,99826403,49953
32,Nevada,NV,2003,401635761,44783198,320402489,111376653,54037
32,Nevada,NV,2004,537672786,57825088,431425976,119748910,57219
32,Nevada,NV,2005,575772352,73748469,453241527,133367358,59746
32,Nevada,NV,2006,631235737,75694575,495204161,141580520,60948
32,Nevada,NV,2007,652691156,58915437,526719406,144828351,61323
32,Nevada,NV,2008,674142907,54110326,550520781,160289079,63324
32,Nevada,NV,2009,688730299,65503030,553616424,178663389,65665
32,Nevada,NV,2010,645494029,64230120,331693015,193177180,68799
32,Nevada,NV,2011,614888041,64719437,489764038,215092101,69169
32,Nevada,NV,2012,537942550,64794224,415728288,233758774,65238
32,Nevada,NV,2013,541341406,68973389,420908477,242573993,65917
32,Nevada,NV,2014,560234286,74593695,430154390,252737535,64497
32,Nevada,NV,2015,563476687,76183133,431695239,268113800,73583
32,Nevada,NV,2016,624301334,85692119,470470653,285118748,74451
32,Nevada,NV,2017,658623991,87665771,486931992,299896975,74913
32,Nevada,NV,2018,718283374,96262369,535433424,307243293,76109
32,Nevada,NV,2019,743977813,102984691,544809618,206541269,76424
32,Nevada,NV,2020,802465835,105506147,568543139,214771056,78164
32,Nevada,NV,2021,655319073,104801889,464676219,225260204,75873
32,Nevada,NV,2022,773584105,104828235,539455817,236379035,74078
32,Nevada,NV,2023,806057507,118389028,545713831,228263807,73956
32,Nevada,NV,2024,967695842,118389028,721423424,228884090,68891
33,New Hampshire,NH,2001,107600000,1487815,101812186,193500000,26506
33,New Hampshire,NH,2002,103347000,2760953,88220048,205200000,27455
33,New Hampshire,NH,2003,106872000,2704797,91779203,165504463,28068
33,New Hampshire,NH,2004,112446000,2990218,97165782,157692990,30495
33,New Hampshire,NH,2005,115367000,2702800,100039200,201244770,30885
33,New Hampshire,NH,2006,117172000,3184435,101048565,216296796,31720
33,New Hampshire,NH,2007,123966000,2730668,106923332,257155680,32092
33,New Hampshire,NH,2008,133093000,2679812,115529188,280081775,32982
33,New Hampshire,NH,2009,138531000,3431238,119636762,296252850,34311
33,New Hampshire,NH,2010,144610959,4061124,119470037,328746132,39171
33,New Hampshire,NH,2011,137555490,3834246,118340173,356995679,39036
33,New Hampshire,NH,2012,82697778,0,71728980,389877552,39099
33,New Hampshire,NH,2013,85622352,0,73983294,416200931,39224
33,New Hampshire,NH,2014,109000000,0,97360942,406697961,36988
33,New Hampshire,NH,2015,165579413,269413,154341262,423382995,38398
33,New Hampshire,NH,2016,126592025,2670954,111581241,414143401,38414
33,New Hampshire,NH,2017,127683445,2483386,112135336,417914977,38156
33,New Hampshire,NH,2018,131628243,3692566,114624169,418546343,37643
33,New Hampshire,NH,2019,133314642,4771444,115017294,413647893,36353
33,New Hampshire,NH,2020,153405176,4962172,129667519,399656890,34695
33,New Hampshire,NH,2021,190136283,5614000,130346945,375677684,32348
33,New Hampshire,NH,2022,156845946,7224337,130889940,361884208,30874
33,New Hampshire,NH,2023,157839785,9472830,130879136,353352626,30009
33,New Hampshire,NH,2024,178929226,9769244,153315129,348609143,29891
34,New Jersey,NJ,2001,1697183546,174027546,1257709101,862253135,178671
34,New Jersey,NJ,2002,1796251497,183270497,1325538542,920064316,188839
34,New Jersey,NJ,2003,1580361358,188388358,1316395207,1054145792,194846
34,New Jersey,NJ,2004,1669059770,204589770,1417930000,1169861987,201756
34,New Jersey,NJ,2005,2072768234,223667234,1773831000,1260429527,226969
34,New Jersey,NJ,2006,2148270422,234836422,1810804000,1360753850,228080
34,New Jersey,NJ,2007,2100392895,250555895,1779756000,1460040782,229968
34,New Jersey,NJ,2008,2266628700,265803700,1930307000,1600960729,238040
34,New Jersey,NJ,2009,2205750341,291069341,1878205000,1819714745,246215
34,New Jersey,NJ,2010,2430115196,333240196,1942161000,1959451758,268066
34,New Jersey,NJ,2011,2144376894,329621894,1833895000,2169429461,277147
34,New Jersey,NJ,2012,2058909152,326909152,1714788000,2277082291,278868
34,New Jersey,NJ,2013,2160518000,355112000,1788266000,2321303085,276052
34,New Jersey,NJ,2014,2279587095,369887095,1856637586,2540110583,274341
34,New Jersey,NJ,2015,2293539127,394063127,1839205000,2722541708,270053
34,New Jersey,NJ,2016,2319113574,412788574,1836330000,2753478506,268296
34,New Jersey,NJ,2017,2287839927,431318927,1789567000,2836867677,268944
34,New Jersey,NJ,2018,2279025000,444708000,1763117000,2783573241,267251
34,New Jersey,NJ,2019,2273200000,476700000,1718148000,2159171680,265086
34,New Jersey,NJ,2020,2655677711,505240000,1770902000,2143859078,264467
34,New Jersey,NJ,2021,2183165743,481736000,1564485000,2115923929,254877
34,New Jersey,NJ,2022,2638840000,524736000,2049603000,2142369987,241106
34,New Jersey,NJ,2023,2853751000,547056000,2227634000,2106093948,242280
34,New Jersey,NJ,2024,3092505000,661306000,2388683000,1957674602,248055
35,New Mexico,NM,2001,473132550,37131203,394167147,61426001,66847
35,New Mexico,NM,2002,514547400,41604374,435336126,66103410,68579
35,New Mexico,NM,2003,641703164,44982295,562322369,67043420,75847
35,New Mexico,NM,2004,722607896,46020735,604873261,76215579,79634
35,New Mexico,NM,2005,754737083,53427733,606771550,98813286,79219
35,New Mexico,NM,2006,831638173,57821234,679430439,130669321,79645
35,New Mexico,NM,2007,981229395,67483982,672060213,78273295,83224
35,New Mexico,NM,2008,1055392463,67329507,751675566,130164857,85203
35,New Mexico,NM,2009,996108619,72835928,679356305,149026586,89450
35,New Mexico,NM,2010,943315026,76411569,654928841,156222725,98709
35,New Mexico,NM,2011,901404054,83674376,647387478,196105493,92078
35,New Mexico,NM,2012,864647736,84457413,702846588,223828815,97719
35,New Mexico,NM,2013,898940515,90748458,730246724,231623807,101239
35,New Mexico,NM,2014,926967526,94985665,748631665,242388418,98630
35,New Mexico,NM,2015,965703142,89259563,864669452,247011156,96110
35,New Mexico,NM,2016,972681022,87296293,875768104,218369634,93379
35,New Mexico,NM,2017,918359390,88640343,831986680,225272356,89020
35,New Mexico,NM,2018,875691659,65580040,825598906,295019930,80902
35,New Mexico,NM,2019,922458558,81906259,868166349,216692915,77040
35,New Mexico,NM,2020,1156831549,81925890,926020498,282933417,70090
35,New Mexico,NM,2021,968849542,85917532,922492190,326031956,65855
35,New Mexico,NM,2022,1068850681,110097212,1057081691,352398752,70189
35,New Mexico,NM,2023,1493456440,237891840,1181439833,231107117,73111
35,New Mexico,NM,2024,1396912200,264180601,1014010184,234067668,73343
36,New York,NY,2001,3242034624,542704105,2774257559,1294052432,449959
36,New York,NY,2002,3360520525,563302000,2883886362,1345769328,463185
36,New York,NY,2003,3497776487,577650000,3020659581,1414803263,483417
36,New York,NY,2004,3315034829,706488000,2710462270,1779004680,489756
36,New York,NY,2005,3826466335,874983000,3091322221,1782286506,498039
36,New York,NY,2006,4149285333,875633486,3404896286,1827338578,500659
36,New York,NY,2007,4569391184,835309916,3872118055,1899290031,508911
36,New York,NY,2008,4854527932,803910000,4189015166,1987509682,526539
36,New York,NY,2009,5174351842,834819000,4505962144,2156691362,549718
36,New York,NY,2010,5144258636,916883000,4250860464,2389185067,572378
36,New York,NY,2011,5237792624,870863000,4342754047,2480299392,578830
36,New York,NY,2012,4854134187,943850000,4177366854,2634627928,576389
36,New York,NY,2013,5111538235,942019000,4436660093,2795146195,571693
36,New York,NY,2014,5306812959,942776260,4643421144,2973033601,568654
36,New York,NY,2015,5529283919,981844506,4997975042,3133439662,566620
36,New York,NY,2016,5602512841,971397922,5101439888,3323391026,556311
36,New York,NY,2017,5735129034,957258000,5337896632,3338559762,549948
36,New York,NY,2018,5960109037,1024931089,5578757069,3182916184,547033
36,New York,NY,2019,6114537039,1016424602,5802860723,3239313034,537979
36,New York,NY,2020,6139710400,981213761,5874693898,3228620321,525589
36,New York,NY,2021,5736403989,841757536,5616037239,2925253729,494691
36,New York,NY,2022,5853235162,840553007,5749919963,2886655824,455844
36,New York,NY,2023,6163238858,786985187,6204207498,3113196828,446341
36,New York,NY,2024,6737535760,806285761,6737217464,3123406765,456600
37,North Carolina,NC,2001,2398489000,151034000,1929910000,461343000,266217
37,North Carolina,NC,2002,2442690000,183775000,1956363000,551352000,286494
37,North Carolina,NC,2003,2449659000,143003000,2019460446,583577000,302159
37,North Carolina,NC,2004,2474773000,176577000,2017354000,695711000,315159
37,North Carolina,NC,2005,2780767364,224434414,2152570018,745665011,339034
37,North Carolina,NC,2006,3062511308,164416070,2474521837,867683333,338644
37,North Carolina,NC,2007,3466352712,189759399,2813489192,895392495,344056
37,North Carolina,NC,2008,3837233489,211833189,3091047541,945274969,357601
37,North Carolina,NC,2009,3709737250,248892679,2818321172,976787379,385792
37,North Carolina,NC,2010,3753464917,249445010,2877782490,1039783949,420956
37,North Carolina,NC,2011,3780946745,281588884,2900943843,1131856850,425779
37,North Carolina,NC,2012,3578659248,234355612,2935449751,1364324421,412349
37,North Carolina,NC,2013,3751478952,246538112,3084990242,1461468911,410622
37,North Carolina,NC,2014,3625292891,237136515,3003779050,1565906417,402199
37,North Carolina,NC,2015,3668065220,244502615,3036507685,1621511159,391990
37,North Carolina,NC,2016,3829383471,254203734,3189886443,1737277650,388322
37,North Carolina,NC,2017,3987770834,311793526,3291417460,1805779020,389604
37,North Carolina,NC,2018,4044470978,251602103,3396870004,1853853257,392138
37,North Carolina,NC,2019,4263135610,258268070,3579687223,1844842862,393922
37,North Carolina,NC,2020,4292764908,258083401,3629788133,1807267513,403093
37,North Carolina,NC,2021,4383144042,257073084,3626969186,1771604290,392374
37,North Carolina,NC,2022,4795676976,269081409,4068178761,1847142758,390900
37,North Carolina,NC,2023,5035561394,287326711,4264518698,1840436469,393774
37,North Carolina,NC,2024,5402183757,291051641,4606086596,1929329847,409585
38,North Dakota,ND,2001,185659323,1130837,145159106,99066007,31922
38,North Dakota,ND,2002,201497115,1417764,157354695,90077588,33249
38,North Dakota,ND,2003,203801000,1864031,159618969,106728157,34667
38,North Dakota,ND,2004,200430000,1755766,155832234,142580341,35322
38,North Dakota,ND,2005,201545000,1806280,156875720,170996936,34629
38,North Dakota,ND,2006,215031000,1863731,166585269,191056715,34302
38,North Dakota,ND,2007,215719000,2238203,166884797,205978706,33905
38,North Dakota,ND,2008,253901000,3690837,196299163,212695156,34955
38,North Dakota,ND,2009,253901000,3634348,196355652,230815574,36408
38,North Dakota,ND,2010,311677000,9448564,237963436,234927459,37716
38,North Dakota,ND,2011,311678000,12198435,235214565,241030434,37915
38,North Dakota,ND,2012,343964303,13444569,257616734,256395406,37503
38,North Dakota,ND,2013,343805783,15863296,255039487,263864824,37122
38,North Dakota,ND,2014,409693640,16446180,307449460,271820562,36927
38,North Dakota,ND,2015,409693640,15960069,305584976,276730327,36801
38,North Dakota,ND,2016,405723652,18743506,291824309,285595025,36165
38,North Dakota,ND,2017,419650340,18788188,304780420,296601267,35743
38,North Dakota,ND,2018,358491256,18541311,259903281,301991284,34969
38,North Dakota,ND,2019,358491256,18051963,260392629,301382893,33781
38,North Dakota,ND,2020,379613257,20411819,268573400,303973086,32660
38,North Dakota,ND,2021,383582044,20572909,268412310,334910751,31900
38,North Dakota,ND,2022,391868275,22466141,274671396,338550480,31822
38,North Dakota,ND,2023,391393275,22346850,274790687,343467045,32160
38,North Dakota,ND,2024,470036099,25611037,336710648,332121711,33418
39,Ohio,OH,2001,2172147806,98606726,1812559177,1295401171,337379
39,Ohio,OH,2002,2075801500,112263719,1712618205,1444867695,353571
39,Ohio,OH,2003,2064474127,177027376,1678239368,1560751676,352538
39,Ohio,OH,2004,2071649135,176891714,1701896963,1719801313,360835
39,Ohio,OH,2005,2102153594,194357565,1706002335,1894058371,381073
39,Ohio,OH,2006,2142242026,189396015,1755035952,2040646250,363598
39,Ohio,OH,2007,2208183856,240334653,1769615138,2229312108,366629
39,Ohio,OH,2008,2288294736,256102035,1830365953,2269813777,375932
39,Ohio,OH,2009,2474062613,282836739,1977612398,2338946820,391546
39,Ohio,OH,2010,2277951986,108637911,1696109417,2606164053,447494
39,Ohio,OH,2011,2282711269,110020516,1707495831,2744416423,460747
39,Ohio,OH,2012,2013731126,108594126,1748868719,2979346316,423509
39,Ohio,OH,2013,2050123177,121864953,1650579506,3019540212,400796
39,Ohio,OH,2014,2104931061,117483937,1715375305,3033417583,401856
39,Ohio,OH,2015,2133970812,127927608,1944683507,3075911250,393845
39,Ohio,OH,2016,2226256398,132017729,2041986152,3090883426,388777
39,Ohio,OH,2017,2303647976,129261584,2107002182,3110142112,390840
39,Ohio,OH,2018,2300904761,141348575,2118502382,3418060750,387109
39,Ohio,OH,2019,2297931327,144321950,2107467056,3175041731,386451
39,Ohio,OH,2020,2288749931,159094803,2082069419,3314484296,385027
39,Ohio,OH,2021,2685042555,154767285,2176189724,3207302389,374222
39,Ohio,OH,2022,2448061074,167263295,2202148697,3148053361,368517
39,Ohio,OH,2023,2466603626,177517984,2225727445,3192049855,349053
39,Ohio,OH,2024,2598506036,244055004,2293765202,3289593182,341812
40,Oklahoma,OK,2001,837480903,26523992,687721808,192938712,121111
40,Oklahoma,OK,2002,824243012,33122441,665052646,140083644,128530
40,Oklahoma,OK,2003,838136140,37051498,683555180,228784278,128005
40,Oklahoma,OK,2004,765570476,42043290,611986410,289584404,133393
40,Oklahoma,OK,2005,787076396,48621662,621269910,340807791,136424
40,Oklahoma,OK,2006,890540061,64688477,702952112,379321805,134940
40,Oklahoma,OK,2007,1033365199,80405171,811476017,399399976,132093
40,Oklahoma,OK,2008,1098881179,94559740,854827829,432894102,131191
40,Oklahoma,OK,2009,1078158766,102352909,828996085,487360168,127058
40,Oklahoma,OK,2010,1189774282,102338107,865974258,491708038,142024
40,Oklahoma,OK,2011,1143222958,104749561,836095067,544525158,150171
40,Oklahoma,OK,2012,1042592350,109228710,801071138,591943835,146518
40,Oklahoma,OK,2013,1044735666,109338232,802147841,644369783,144138
40,Oklahoma,OK,2014,1053566920,105107894,818171577,689429761,145401
40,Oklahoma,OK,2015,1054794860,109801373,817485053,719148935,136311
40,Oklahoma,OK,2016,986345547,108717993,768888010,752620259,134960
40,Oklahoma,OK,2017,931004515,109990152,724222212,811893616,133682
40,Oklahoma,OK,2018,898526487,113843788,692309776,853920705,131083
40,Oklahoma,OK,2019,908516745,113426783,709086226,906560487,128845
40,Oklahoma,OK,2020,939917258,112387629,731127321,951467871,126370
40,Oklahoma,OK,2021,895041308,102241680,708581222,938439388,123954
40,Oklahoma,OK,2022,934310766,107255254,744493228,994251251,120966
40,Oklahoma,OK,2023,993743064,115915120,796334324,1032026296,119478
40,Oklahoma,OK,2024,1142891843,127395208,915453592,998725962,123283
41,Oregon,OR,2001,656966255,17724451,606005777,347455555,111006
41,Oregon,OR,2002,638882440,19868091,601960136,399381715,120210
41,Oregon,OR,2003,635486463,17290276,607173046,470066274,125808
41,Oregon,OR,2004,588544493,21785033,561480155,531074624,126970
41,Oregon,OR,2005,585749933,24194416,564474129,577947065,127059
41,Oregon,OR,2006,621273625,38641755,592876770,584502257,126443
41,Oregon,OR,2007,640983571,45108683,610821059,614282359,125113
41,Oregon,OR,2008,725761919,48637397,686708839,646144772,129626
41,Oregon,OR,2009,743058124,83113377,624966146,661029569,141532
41,Oregon,OR,2010,690552147,82512241,625441743,753048670,160037
41,Oregon,OR,2011,650162979,18834547,704435969,966002243,168374
41,Oregon,OR,2012,566031614,43358670,625880305,1050594717,165094
41,Oregon,OR,2013,580701607,51647449,626051229,1110791005,160939
41,Oregon,OR,2014,631121950,61014320,678036833,1289871951,155418
41,Oregon,OR,2015,670705184,57315298,629989644,1273396339,155725
41,Oregon,OR,2016,775852342,64344797,721985199,1242371710,151544
41,Oregon,OR,2017,816745525,83460941,750104687,1258257418,150305
41,Oregon,OR,2018,844446531,82663222,784527014,1304684751,148139
41,Oregon,OR,2019,894489883,92918281,825496295,1278445882,144290
41,Oregon,OR,2020,973782472,96762149,900446276,1320761227,137801
41,Oregon,OR,2021,1025636301,92332696,961414835,1291692624,128349
41,Oregon,OR,2022,1119544581,106259756,1035133690,1326464964,122910
41,Oregon,OR,2023,1154822540,131864791,1052819484,1358401727,123725
41,Oregon,OR,2024,1254606067,192901302,1069767410,1401994404,128457
42,Pennsylvania,PA,2001,2005365000,317923874,1626654126,1691601859,288334
42,Pennsylvania,PA,2002,2011695000,335388884,1630184116,1802201100,293742
42,Pennsylvania,PA,2003,1998020000,343092110,1610305890,1713432664,315591
42,Pennsylvania,PA,2004,1946617000,351081146,1557270854,1973574449,322665
42,Pennsylvania,PA,2005,2015637000,358412465,1623995535,2163629404,326675
42,Pennsylvania,PA,2006,2047114000,376969245,1652068755,2330137880,327235
42,Pennsylvania,PA,2007,2153998000,412772944,1723478370,2458051547,337425
42,Pennsylvania,PA,2008,2193274000,412978402,1764892033,2653597434,343043
42,Pennsylvania,PA,2009,2228734000,388642400,1767594495,2969789103,353494
42,Pennsylvania,PA,2010,1968098000,410694895,1508658457,3288017259,371286
42,Pennsylvania,PA,2011,1944404000,366421294,1495929097,3546637211,374997
42,Pennsylvania,PA,2012,1639540000,454677342,1203461774,2853558118,369046
42,Pennsylvania,PA,2013,1632655000,444137697,1209601075,3301347212,364468
42,Pennsylvania,PA,2014,1644692000,444435261,1219433052,3397150711,358693
42,Pennsylvania,PA,2015,1658992000,404510725,1276233555,3528184411,354891
42,Pennsylvania,PA,2016,1647532000,415537107,1240500119,3567415898,350435
42,Pennsylvania,PA,2017,1693108000,383830801,1318227205,3687407567,350919
42,Pennsylvania,PA,2018,1713363000,359654222,1359934702,3757198756,346930
42,Pennsylvania,PA,2019,1760283703,322661000,1444406034,3649712102,331664
42,Pennsylvania,PA,2020,2008085234,369382000,1486361453,3676543178,329025
42,Pennsylvania,PA,2021,2023765606,369382000,1494144536,3542379396,313004
42,Pennsylvania,PA,2022,1940058924,369382000,1498584232,3408834567,298847
42,Pennsylvania,PA,2023,2241591832,414459001,1660954951,3286334230,289324
42,Pennsylvania,PA,2024,2101117246,430356000,1738585157,3270869163,289408
44,Rhode Island,RI,2001,169006383,6163505,162842878,130586601,25622
44,Rhode Island,RI,2002,180551055,6077457,174473598,139911817,26677
44,Rhode Island,RI,2003,175992129,6554044,169438085,153663438,26887
44,Rhode Island,RI,2004,183664198,12622756,171041442,171945645,29134
44,Rhode Island,RI,2005,188033394,14591710,173441684,190438106,28677
44,Rhode Island,RI,2006,192854763,13922286,178932477,206253785,28475
44,Rhode Island,RI,2007,196360781,14017237,182343544,230424270,29642
44,Rhode Island,RI,2008,191329662,16357980,174971682,202030502,30839
44,Rhode Island,RI,2009,191329662,16357980,174971682,202030502,31527
44,Rhode Island,RI,2010,160619897,15946801,143814089,244119310,33023
44,Rhode Island,RI,2011,164609803,13629621,143803910,252953891,33062
44,Rhode Island,RI,2012,181651066,13426488,147340823,258789949,33550
44,Rhode Island,RI,2013,164566569,16364714,147346196,272944370,33042
44,Rhode Island,RI,2014,167567862,12949135,153595181,270245659,32781
44,Rhode Island,RI,2015,172470788,7839569,164631219,277234057,32687
44,Rhode Island,RI,2016,179842845,8398505,171444340,285155909,32063
44,Rhode Island,RI,2017,188739813,9686466,179053347,281878220,31569
44,Rhode Island,RI,2018,199553587,10700458,188853129,311670799,32270
44,Rhode Island,RI,2019,197034373,15609907,181424466,294346630,31978
44,Rhode Island,RI,2020,193316731,16425194,176891537,314406550,32220
44,Rhode Island,RI,2021,229080398,16719956,184108164,342385143,30487
44,Rhode Island,RI,2022,225197387,15701887,206068799,343151612,28741
44,Rhode Island,RI,2023,230904102,16164613,212952471,332204425,28491
44,Rhode Island,RI,2024,267074758,19217499,244873113,354431768,29193
45,South Carolina,SC,2001,863809806,74351364,616582118,386376970,132404
45,South Carolina,SC,2002,817379042,95746360,544112559,447619415,136300
45,South Carolina,SC,2003,1051554033,199111115,663227534,495097611,137267
45,South Carolina,SC,2004,925611695,222169150,552210967,603218854,143071
45,South Carolina,SC,2005,976616957,243903334,577472629,689770444,142567
45,South Carolina,SC,2006,1050223497,256948820,631434510,758593690,144401
45,South Carolina,SC,2007,1127265244,277092531,677375447,782124686,145859
45,South Carolina,SC,2008,1211068342,294145460,727614103,813867632,149541
45,South Carolina,SC,2009,981323606,312438967,565958815,836570896,157467
45,South Carolina,SC,2010,1027812395,321652756,491842836,986897823,171727
45,South Carolina,SC,2011,928848337,326467583,410407194,1122513957,172375
45,South Carolina,SC,2012,859516750,334308024,468426797,1232205845,173448
45,South Carolina,SC,2013,910405772,355588882,492774027,1283364069,178240
45,South Carolina,SC,2014,909110205,358579485,490597716,1318386826,174816
45,South Carolina,SC,2015,970219549,329107173,578184133,1442871931,174643
45,South Carolina,SC,2016,1026089319,347512675,613890300,1499805702,171202
45,South Carolina,SC,2017,1094964380,362623595,663067868,1563862646,167414
45,South Carolina,SC,2018,1097979545,375965040,651458902,1771564133,164402
45,South Carolina,SC,2019,1137336753,436256479,616540658,1693485781,166740
45,South Carolina,SC,2020,1257229306,462765039,698667484,1709798721,168719
45,South Carolina,SC,2021,1404547263,454902907,696322714,1700097793,164276
45,South Carolina,SC,2022,1361480043,466635870,762590209,1734803679,166231
45,South Carolina,SC,2023,1499871871,481298691,879265506,1789095917,170214
45,South Carolina,SC,2024,1856906195,583646362,1119080042,1838868818,175188
46,South Dakota,SD,2001,136041582,89100,110977485,82904661,22064
46,South Dakota,SD,2002,143331961,89100,117042145,89497977,22573
46,South Dakota,SD,2003,149665555,89100,119452420,114473635,28232
46,South Dakota,SD,2004,153592900,89100,123227496,128234797,28154
46,South Dakota,SD,2005,162783467,807500,128758922,137554980,28523
46,South Dakota,SD,2006,165577963,1424000,128979949,141554716,29254
46,South Dakota,SD,2007,178777732,2156600,140413976,153590612,29231
46,South Dakota,SD,2008,198949272,3362934,157436481,152436029,29595
46,South Dakota,SD,2009,199563285,3636933,145602539,163761059,31026
46,South Dakota,SD,2010,198653313,3862267,146131191,179231279,32324
46,South Dakota,SD,2011,196616485,4892100,144911660,196399809,33313
46,South Dakota,SD,2012,181016376,4319767,142145391,210029593,33540
46,South Dakota,SD,2013,196229662,4430965,153412222,220311302,32945
46,South Dakota,SD,2014,207837626,4798374,160556524,222963649,33659
46,South Dakota,SD,2015,218280386,6177612,169374588,231192966,33938
46,South Dakota,SD,2016,219845861,8213578,167709500,237585346,33674
46,South Dakota,SD,2017,238612300,7042979,186100280,249308916,32295
46,South Dakota,SD,2018,234058232,7491408,181325185,250723466,32899
46,South Dakota,SD,2019,243284466,8453421,190298667,268575664,32816
46,South Dakota,SD,2020,273693662,8453348,209932592,262839364,31962
46,South Dakota,SD,2021,271797232,8443727,209763037,257060248,31957
46,South Dakota,SD,2022,269197314,7968975,214436416,273136238,30645
46,South Dakota,SD,2023,319955552,7699196,262971269,271820386,30736
46,South Dakota,SD,2024,339579953,7937059,277823080,276536909,31182
47,Tennessee,TN,2001,1045546400,31657600,796434300,415345000,159838
47,Tennessee,TN,2002,1071510500,42193600,817012400,475145475,158279
47,Tennessee,TN,2003,1106888100,47207600,841179100,524676100,160535
47,Tennessee,TN,2004,1089739600,44478378,828951222,593378327,161104
47,Tennessee,TN,2005,1328874600,120708400,983572000,569389000,159718
47,Tennessee,TN,2006,1371036300,177024300,959565800,601457400,159746
47,Tennessee,TN,2007,1505273700,236818000,1011046700,594334400,166628
47,Tennessee,TN,2008,1639461400,291311209,1070384791,614742716,167198
47,Tennessee,TN,2009,1663595500,318507819,997673881,648210752,171950
47,Tennessee,TN,2010,1655904400,340665934,891459366,725831090,187864
47,Tennessee,TN,2011,1659586381,356033885,1018902396,825307775,193994
47,Tennessee,TN,2012,1414996174,361351513,798276461,939248900,190710
47,Tennessee,TN,2013,1455168883,366728840,826398643,997406770,188759
47,Tennessee,TN,2014,1587786604,356546465,947116539,1066458036,182285
47,Tennessee,TN,2015,1579203336,356581925,937929911,1101868418,179248
47,Tennessee,TN,2016,1686000477,426374299,968989689,1096647346,183193
47,Tennessee,TN,2017,1813499442,474474300,1036937502,1081306475,182223
47,Tennessee,TN,2018,1905231769,471674300,1114343835,1129031389,182845
47,Tennessee,TN,2019,2036136587,510074301,1196476398,1107447421,184418
47,Tennessee,TN,2020,2197133100,541324300,1312251959,1109264126,184954
47,Tennessee,TN,2021,2332342295,596774299,1375198854,1032090951,178576
47,Tennessee,TN,2022,2296688870,582074301,1341126569,1066870422,173240
47,Tennessee,TN,2023,2803826948,577792300,1815502473,1091478307,175744
47,Tennessee,TN,2024,2810088575,557574300,1801875513,1263249849,179740
48,Texas,TX,2001,4697588163,75199674,3710787652,1914899853,667534
48,Texas,TX,2002,5295546843,119257607,4175312326,2098693705,704310
48,Texas,TX,2003,4988201973,126798222,4048650792,2275462734,766342
48,Texas,TX,2004,5190201119,115512002,4272283834,1844180359,799142
48,Texas,TX,2005,5110262835,133488403,4335232415,2096714563,812696
48,Texas,TX,2006,5700130286,178705432,5102080263,2450413035,820788
48,Texas,TX,2007,5709136834,147944385,5129171978,2819849888,794211
48,Texas,TX,2008,6347752622,165080794,5832879842,3059317207,804918
48,Texas,TX,2009,6107243700,190839675,5673463198,2928593850,861900
48,Texas,TX,2010,6761849616,368740148,5992012765,3358202985,896832
48,Texas,TX,2011,6270811568,351663914,6074930382,3813170718,979943
48,Texas,TX,2012,6474261279,314609335,6076634445,3795933014,1013647
48,Texas,TX,2013,6351228175,309652535,6032004031,4297132872,1019173
48,Texas,TX,2014,6948653093,270237819,6731291720,4396541173,1010936
48,Texas,TX,2015,6849320087,356725476,6439744968,4604766878,1010334
48,Texas,TX,2016,6760512569,531185516,6208636349,6221550698,1020366
48,Texas,TX,2017,7922848937,559331255,7046697064,6525863086,1030211
48,Texas,TX,2018,8621210643,563250717,8224984563,6798974014,1044459
48,Texas,TX,2019,8628398044,542648096,8401552302,6984929888,1049033
48,Texas,TX,2020,9326701359,585562098,8993299550,7287176216,1062059
48,Texas,TX,2021,9381177496,584292098,8945472199,7446388987,1021757
48,Texas,TX,2022,9939581792,639058601,9525310638,7737210746,993823
48,Texas,TX,2023,9882976019,639058597,9795630563,7397908862,1006957
48,Texas,TX,2024,11840596641,718808584,11518081129,7545342056,1044485
49,Utah,UT,2001,554027666,5232671,489916377,179486324,91953
49,Utah,UT,2002,593641100,6824800,522628537,189461595,98654
49,Utah,UT,2003,614007000,6741200,546357900,249524699,108386
49,Utah,UT,2004,614439000,6306100,542281300,277724363,108636
49,Utah,UT,2005,646914100,8146700,571250300,295270299,107703
49,Utah,UT,2006,690228000,7385200,612967900,317842306,104350
49,Utah,UT,2007,718208600,9666900,636683500,332048600,102372
49,Utah,UT,2008,812337500,14074400,722416000,370386529,103320
49,Utah,UT,2009,777757500,14591769,656711731,372251355,107649
49,Utah,UT,2010,745139400,12488800,602383000,464400349,118446
49,Utah,UT,2011,734871622,14761800,615063522,541725864,125073
49,Utah,UT,2012,728922600,11627100,636313837,598688859,126594
49,Utah,UT,2013,748759000,13383000,650577100,619075717,123851
49,Utah,UT,2014,798346200,13634300,691862500,642402471,119692
49,Utah,UT,2015,887761300,16056000,793792712,671912361,120352
49,Utah,UT,2016,933251500,15838926,835487814,716136209,122066
49,Utah,UT,2017,978663600,22118241,868293329,742019725,123075
49,Utah,UT,2018,1029936100,21606200,918959146,778430045,125550
49,Utah,UT,2019,1113971200,27707207,990315889,797237115,128102
49,Utah,UT,2020,1226462000,36174604,1083024032,829709060,127833
49,Utah,UT,2021,1225747903,35667480,1081527395,779457526,129312
49,Utah,UT,2022,1351621301,42738286,1178682015,906476386,128774
49,Utah,UT,2023,1533006700,41213942,1345466458,913823625,129100
49,Utah,UT,2024,1866968800,40226312,1657842588,973753165,133372
50,Vermont,VT,2001,66777192,14537921,40616271,148062996,15914
50,Vermont,VT,2002,71128603,15862670,43028885,154998104,16379
50,Vermont,VT,2003,75125186,16706962,44929224,156773508,16843
50,Vermont,VT,2004,77222258,17686270,45821988,172909364,17429
50,Vermont,VT,2005,78008810,16567815,47612922,188735404,18059
50,Vermont,VT,2006,82067786,18308867,49343518,211953021,18868
50,Vermont,VT,2007,85923033,18041788,52894850,233158680,19381
50,Vermont,VT,2008,90801445,20676573,54617770,252784635,19886
50,Vermont,VT,2009,87189483,19217552,53017919,284133882,20400
50,Vermont,VT,2010,93255052,20380211,57932553,283535268,21795
50,Vermont,VT,2011,94227425,19138458,59650868,295116001,22578
50,Vermont,VT,2012,90109661,20466340,54617027,311476127,21807
50,Vermont,VT,2013,89340755,19619154,54774383,315870080,21279
50,Vermont,VT,2014,92686200,19784813,58047387,313606535,20922
50,Vermont,VT,2015,89559843,19217511,50989404,324222309,20616
50,Vermont,VT,2016,90234391,19997040,50884422,338966632,20429
50,Vermont,VT,2017,90108125,20206454,50548742,352552068,20638
50,Vermont,VT,2018,92532338,19704330,53493332,356101762,20583
50,Vermont,VT,2019,92924297,20168796,53220824,365317927,20458
50,Vermont,VT,2020,111971938,19470699,56204117,363037558,20562
50,Vermont,VT,2021,191045585,19300438,84497038,339679370,19509
50,Vermont,VT,2022,170061290,20247613,70736621,343145730,19633
50,Vermont,VT,2023,154381514,24480870,83321651,358115827,19965
50,Vermont,VT,2024,151841781,26200664,97859906,359885252,19987
51,Virginia,VA,2001,1629776000,118465170,1335482851,671445468,236014
51,Virginia,VA,2002,1681646000,119025170,1384940477,702005680,246637
51,Virginia,VA,2003,1427177000,112560003,1156379535,915458440,254694
51,Virginia,VA,2004,1346281000,122065638,1085195578,1011091871,257534
51,Virginia,VA,2005,1480522000,131469325,1198158085,1170561799,260813
51,Virginia,VA,2006,1594605000,142964581,1290761488,1255004451,265615
51,Virginia,VA,2007,1854731000,163132943,1494111533,1340218673,273039
51,Virginia,VA,2008,1885553314,186808842,1510601614,1486788271,281940
51,Virginia,VA,2009,1899464085,196592080,1533057271,1657951303,294436
51,Virginia,VA,2010,1802021513,205653440,1362595431,1828423523,312598
51,Virginia,VA,2011,1903977834,200114095,1334195275,1898047149,321965
51,Virginia,VA,2012,1624026722,215689723,1230188369,2132097669,325517
51,Virginia,VA,2013,1712075324,230807229,1285491635,2227928709,320481
51,Virginia,VA,2014,1780468378,241146453,1338911071,2187757879,318166
51,Virginia,VA,2015,1809791006,242496453,1366516729,2266186308,314066
51,Virginia,VA,2016,1861817203,251377064,1408719959,2375027143,310368
51,Virginia,VA,2017,2051845077,286400727,1550070050,2415901927,305307
51,Virginia,VA,2018,2013572522,292250727,1501115125,2520397702,303300
51,Virginia,VA,2019,2121187648,311309200,1582929455,2595650993,302019
51,Virginia,VA,2020,2524213585,344511871,1699685972,2624673047,301730
51,Virginia,VA,2021,2494673344,353058663,1869841694,2653988653,298864
51,Virginia,VA,2022,2756910177,429485930,1932890754,2579330723,288995
51,Virginia,VA,2023,3033117888,482235947,2215994192,2608046618,289778
51,Virginia,VA,2024,3421035585,680218508,2402471369,2487034584,296469
53,Washington,WA,2001,1314500000,112244000,1071455000,358705000,204663
53,Washington,WA,2002,1349300000,119617000,1095932000,398739000,213147
53,Washington,WA,2003,1375255000,132998000,1117026000,463228000,220677
53,Washington,WA,2004,1360709000,147357000,1093292000,503369000,220041
53,Washington,WA,2005,1411664000,160597000,1126982000,558471000,213801
53,Washington,WA,2006,1536329000,184659000,1218805000,575283000,213055
53,Washington,WA,2007,1631059000,194084000,1294699000,621774000,214847
53,Washington,WA,2008,1768291000,211601000,1395251000,668292000,221264
53,Washington,WA,2009,1809447000,227724713,1420221009,719705945,236742
53,Washington,WA,2010,1673104000,243282679,1251871993,813477549,254867
53,Washington,WA,2011,1592882000,246368617,1250368186,994744736,261485
53,Washington,WA,2012,1361782000,282656341,991829064,1132833152,253902
53,Washington,WA,2013,1407137000,323841540,991223330,1278143360,248273
53,Washington,WA,2014,1570807000,323474690,1155504857,1333430655,245011
53,Washington,WA,2015,1580750000,335811770,1149909568,1378863784,242221
53,Washington,WA,2016,1770882000,324464917,1350193294,1372283574,240788
53,Washington,WA,2017,1878116000,307422636,1479142713,1317667259,239481
53,Washington,WA,2018,1906810000,323207211,1487809309,1374175981,237289
53,Washington,WA,2019,2037559000,347643191,1585722328,1359918859,235981
53,Washington,WA,2020,2225826000,398776965,1723255554,1414866717,228720
53,Washington,WA,2021,2537098263,505439000,1867790638,1255405542,214902
53,Washington,WA,2022,2413443000,454831000,1844885000,1402551694,207919
53,Washington,WA,2023,2614648320,455739855,2036015000,1442468271,201544
53,Washington,WA,2024,3006610014,499326693,2362053000,1549198094,199389
54,West Virginia,WV,2001,409438327,19080486,268315948,162498647,62902
54,West Virginia,WV,2002,437204731,20084116,292465890,186620264,64799
54,West Virginia,WV,2003,434393834,24978116,288624299,199790396,67374
54,West Virginia,WV,2004,405472640,45058653,241054634,216386529,69466
54,West Virginia,WV,2005,426408695,55411889,257362450,247028296,70786
54,West Virginia,WV,2006,416660839,63768936,240073308,270792052,71717
54,West Virginia,WV,2007,455444801,72021532,265989393,286258678,72679
54,West Virginia,WV,2008,566498528,75548499,365592584,313017403,73525
54,West Virginia,WV,2009,518293576,84362775,300164185,344118461,74864
54,West Virginia,WV,2010,523261053,90932211,266278932,369616346,78798
54,West Virginia,WV,2011,535119010,89354616,279220386,398534349,81116
54,West Virginia,WV,2012,545167484,92897557,312522192,423652813,80193
54,West Virginia,WV,2013,550588678,93132074,313611120,417870667,78458
54,West Virginia,WV,2014,516276320,92360908,283138195,473975761,76202
54,West Virginia,WV,2015,509752932,91317856,270578181,474327137,72765
54,West Virginia,WV,2016,486264899,89545449,245572770,495363101,71026
54,West Virginia,WV,2017,484109151,92428224,242086686,496512085,69938
54,West Virginia,WV,2018,471410031,91628786,235301547,509963321,68746
54,West Virginia,WV,2019,491888995,89585105,251426339,485154263,66577
54,West Virginia,WV,2020,532421193,89792510,287875344,475635697,65445
54,West Virginia,WV,2021,528096960,88541337,296566352,455616665,62038
54,West Virginia,WV,2022,562358058,88253180,299902214,467595163,58865
54,West Virginia,WV,2023,555216054,88300630,309331509,451953298,57662
54,West Virginia,WV,2024,574047605,96760999,306895355,455671879,58308
55,Wisconsin,WI,2001,1170100000,69965900,1318031057,476537300,196523
55,Wisconsin,WI,2002,1194900000,73220400,1365025480,520446519,204123
55,Wisconsin,WI,2003,1211788000,76564875,1398714056,571884609,209599
55,Wisconsin,WI,2004,1124646475,84540249,1337938950,629757345,212880
55,Wisconsin,WI,2005,1121729480,90969831,1351537602,723254719,212752
55,Wisconsin,WI,2006,1111470921,106954907,1337439573,784367472,214065
55,Wisconsin,WI,2007,1170359461,107848117,1414084112,838083635,215098
55,Wisconsin,WI,2008,1242536879,126963115,1486757384,852504481,219006
55,Wisconsin,WI,2009,1292041167,128041012,1555371744,884668069,224113
55,Wisconsin,WI,2010,1247696524,107460359,1558188628,1004222753,237403
55,Wisconsin,WI,2011,1330088284,138936396,1606969772,1054881991,240625
55,Wisconsin,WI,2012,1107423602,140598966,1387974652,1156408923,233284
55,Wisconsin,WI,2013,1163226571,147128956,1432751460,1216018562,229463
55,Wisconsin,WI,2014,1114018800,149608077,1381315446,1257366916,223777
55,Wisconsin,WI,2015,1601240683,148412960,1468023720,1255218834,219490
55,Wisconsin,WI,2016,1471162500,145531976,1364178743,1289063320,217856
55,Wisconsin,WI,2017,1473947300,147436376,1382789127,1318006579,213143
55,Wisconsin,WI,2018,1509157200,146633357,1435382576,1335301970,211610
55,Wisconsin,WI,2019,1573280133,149526821,1496215885,1356972814,209654
55,Wisconsin,WI,2020,1587273503,146441290,1512205689,1374000343,206545
55,Wisconsin,WI,2021,1707697163,144668659,1564194633,1397219763,198362
55,Wisconsin,WI,2022,1765989519,137507517,1633702540,1399220773,194947
55,Wisconsin,WI,2023,1761822564,141700404,1670669822,1461326607,195141
55,Wisconsin,WI,2024,1876991767,144369954,1760685855,1553153855,199417
56,Wyoming,WY,2001,150332680,11864013,137980441,41378670,20198
56,Wyoming,WY,2002,163429717,10630860,152971463,44321052,20874
56,Wyoming,WY,2003,193065410,9275762,184128738,48893389,21774
56,Wyoming,WY,2004,200615570,9998366,190759688,45832464,22225
56,Wyoming,WY,2005,217638250,10598475,210405045,48868911,22426
56,Wyoming,WY,2006,251244326,10969140,235804619,51191670,22483
56,Wyoming,WY,2007,276929650,11898195,274719108,50851261,22569
56,Wyoming,WY,2008,290507515,17980913,279848371,52250946,23054
56,Wyoming,WY,2009,327329344,22703953,300546540,43525758,23628
56,Wyoming,WY,2010,307863715,25949256,272312045,43630907,25587
56,Wyoming,WY,2011,384795426,25478419,302032479,47813616,26392
56,Wyoming,WY,2012,337988717,26149104,296763080,54335426,26174
56,Wyoming,WY,2013,383533411,26366047,343643288,58504472,25669
56,Wyoming,WY,2014,352669707,26093309,312205418,60354917,24986
56,Wyoming,WY,2015,376989173,26658436,335248242,63795835,24042
56,Wyoming,WY,2016,419149337,28683012,378169364,59434380,23812
56,Wyoming,WY,2017,382164128,28287388,338647443,63351845,23300
56,Wyoming,WY,2018,373759707,28736742,328255493,75379286,22699
56,Wyoming,WY,2019,399063271,28586995,357925306,79445480,22194
56,Wyoming,WY,2020,383599482,27298876,353925230,74193703,21653
56,Wyoming,WY,2021,505037144,34107081,349241467,62879908,20947
56,Wyoming,WY,2022,345253162,33550700,308283306,72940890,20991
56,Wyoming,WY,2023,362375229,26855644,327300649,85159684,20867
56,Wyoming,WY,2024,406021325,29483442,369612542,82101641,20487
